{"total_loss_train": 2.4959514141082764, "train_accuracy": 1.0, "_timestamp": 1666289932.2398226, "_runtime": 672.6579015254974, "_step": 3000, "_wandb": {"runtime": 696}}