{"total_loss_train": 2.5437564849853516, "train_accuracy": 1.0, "train_confidence": 0.9515636563301086, "_timestamp": 1667410803.8991585, "_runtime": 587.8163125514984, "_step": 2518, "_wandb": {"runtime": 587}}