{"total_loss_train": 3.37742280960083, "train_accuracy": 0.0, "train_confidence": 0.7331919074058533, "_timestamp": 1667408735.992843, "_runtime": 4.323101997375488, "_step": 10, "_wandb": {"runtime": 35}}