{"total_loss_train": 2.425018548965454, "train_accuracy": 1.0, "_timestamp": 1666331672.6474426, "_runtime": 41602.214329481125, "_step": 174000, "total_loss_test": [2.434821128845215, 0.00070953369140625], "test_accuracy": [0.9698850574712645, 0.05109140451975551], "_wandb": {"runtime": 41602}}