{"total_loss_train": 2.8654897212982178, "train_accuracy": 0.7, "_timestamp": 1666209696.491048, "_runtime": 183.4688081741333, "_step": 1000, "_wandb": {"runtime": 252}}