{"total_loss_train": 3.356058120727539, "train_accuracy": 0.0, "train_confidence": 0.7425388693809509, "_timestamp": 1667410839.2042289, "_runtime": 24.413253784179688, "_step": 117, "_wandb": {"runtime": 24}}