{"total_loss_train": 3.3536911010742188, "train_accuracy": 0.0, "train_confidence": 0.7299289703369141, "_timestamp": 1667411220.1753519, "_runtime": 4.132231950759888, "_step": 10, "_wandb": {"runtime": 49}}