{"total_loss_train": 2.443842887878418, "train_accuracy": 1.0, "train_confidence": 0.9937744140625, "_timestamp": 1667410170.7073054, "_runtime": 1390.459109544754, "_step": 6000, "_wandb": {"runtime": 1414}}